{
    "providers": [
      { "type": "bitmap", "file": "chat:prefix/op.png", "ascent": 8, "height": 8, "chars": [ "\u1000" ] },
	  { "type": "bitmap", "file": "chat:prefix/build.png", "ascent": 8, "height": 8, "chars": [ "\u1001" ] },
	  { "type": "bitmap", "file": "chat:prefix/dev.png", "ascent": 8, "height": 8, "chars": [ "\u1002" ] },
	  { "type": "bitmap", "file": "chat:prefix/media.png", "ascent": 8, "height": 8, "chars": [ "\u1003" ] },
	  { "type": "bitmap", "file": "chat:prefix/moder.png", "ascent": 8, "height": 8, "chars": [ "\u1004" ] },
	  { "type": "bitmap", "file": "chat:prefix/police.png", "ascent": 8, "height": 8, "chars": [ "\u1005" ] },
	  { "type": "bitmap", "file": "chat:prefix/vip.png", "ascent": 8, "height": 8, "chars": [ "\u1006" ] },
	  { "type": "bitmap", "file": "chat:prefix/helper.png", "ascent": 8, "height": 8, "chars": [ "\u1007" ] }
    ]
}